tipo;entidade;municipio;uf;url;nome_completo
CM;ARAIOSES;Araioses;MA;https://assesi.com.br/adm_faturas/index.php?e=545110&t=1;CÂMARA MUNICIPAL DE ARAIOSES
CM;BOM LUGAR;Bom Lugar;MA;https://www.assesi.com.br/adm_faturas/index.php?e=504673&t=1;CÂMARA MUNICIPAL DE BOM LUGAR
CM;BURITICUPU;Buriticupu;MA;https://www.assesi.com.br/adm_faturas/index.php?e=506959&t=1;CÂMARA MUNICIPAL DE BURITICUPU
CM;CAMPESTRE;Campestre;MA;https://www.assesi.com.br/adm_faturas/index.php?e=509825&t=1;CÂMARA MUNICIPAL DE CAMPESTRE DO MARANHÃO
CM;CANTANHEDE;Cantanhede;MA;https://www.assesi.com.br/adm_faturas/index.php?e=532216&t=1;CÂMARA MUNICIPAL DE CANTANHEDE
CM;GOVERNADOR NUNES FREIRE;Governador Nunes Freire;MA;https://www.assesi.com.br/adm_faturas/index.php?e=506912&t=1;CÂMARA MUNICIPAL DE GOVERNADOR NUNES FREIRE
CM;LAGO DA PEDRA;Lago da Pedra;MA;https://www.assesi.com.br/adm_faturas/index.php?e=523743&t=1;CÂMARA MUNICIPAL DE LAGO DA PEDRA
CM;LIMA CAMPOS;Lima Campos;MA;https://www.assesi.com.br/adm_faturas/index.php?e=519273&t=1;CÂMARA MUNICIPAL DE LIMA CAMPOS
CM;MATINHA;Matinha;MA;https://www.assesi.com.br/adm_faturas/index.php?e=511173&t=1;CÂMARA MUNICIPAL DE MATINHA
CM;MATÕES DO NORTE;Matões do Norte;MA;https://www.assesi.com.br/adm_faturas/index.php?e=509379&t=1;CÂMARA MUNICIPAL DE MATÕES DO NORTE
CM;MIRANDA DO NORTE;Miranda do Norte;MA;https://www.assesi.com.br/adm_faturas/index.php?e=517647&t=1;CÂMARA MUNICIPAL DE MIRANDA DO NORTE
CM;PEDREIRAS;Pedreiras;MA;https://www.assesi.com.br/adm_faturas/index.php?e=514931&t=1;CÂMARA MUNICIPAL DE PEDREIRAS
CM;SANTA QUITÉRIA DO MA;Santa Quitéria;MA;https://www.assesi.com.br/adm_faturas/index.php?e=515169&t=1;CÂMARA MUNICIPAL DE SANTA QUITÉRIA DO MARANHÃO
CM;SÃO LUIS GONZAGA DO MARANHÃO;São Luis Gonzagaranhão;MA;https://www.assesi.com.br/adm_faturas/index.php?e=527507&t=1;CÂMARA MUNICIPAL DE SÃO LUÍS GONZAGA DO MARANHÃO
CM;SÃO MATEUS;São Mateus;MA;https://www.assesi.com.br/adm_faturas/index.php?e=509466&t=1;CÂMARA MUNICIPAL DE SÃO MATEUS DO MARANHÃO
CM;SANTA LUZIA;Santa Luzia;MA;https://www.assesi.com.br/adm_faturas/index.php?e=520881&t=1;CÂMARA MUNICIPAL DE SANTA LUZIA
CM;TRIZIDELA DO VALE;Trizidela do Vale;MA;https://www.assesi.com.br/adm_faturas/index.php?e=506831&t=1;CÂMARA MUNICIPAL DE TRIZIDELA DO VALE
PM;ANAJATUBA;Anajatuba;MA;https://www.assesi.com.br/adm_faturas/index.php?e=505479&t=1;PREFEITURA MUNICIPAL DE ANAJATUBA
PM;ARAME;Arame;MA;https://www.assesi.com.br/adm_faturas/index.php?e=513591&t=1;PREFEITURA MUNICIPAL DE ARAME
PM;BOM LUGAR;Bom Lugar;MA;https://www.assesi.com.br/adm_faturas/index.php?e=500190&t=1;PREFEITURA MUNICIPAL DE BOM LUGAR
PM;BURITICUPU;Buriticupu;MA;https://www.assesi.com.br/adm_faturas/index.php?e=504250&t=1;PREFEITURA MUNICIPAL DE BURITICUPU
PM;CANTANHEDE;Cantanhede;MA;https://www.assesi.com.br/adm_faturas/index.php?e=509267&t=1;PREFEITURA MUNICIPAL DE CANTANHEDE
PM;CAROLINA;Carolina;MA;https://www.assesi.com.br/adm_faturas/index.php?e=511469&t=1;PREFEITURA MUNICIPAL DE CAROLINA
PM;ESPERANTINÓPOLIS;Esperantinópolis;MA;https://www.assesi.com.br/adm_faturas/index.php?e=522484&t=1;PREFEITURA MUNICIPAL DE ESPERANTINÓPOLIS
PM;ITAPECURU MIRIM;Itapecuru Mirim;MA;https://www.assesi.com.br/adm_faturas/index.php?e=521592&t=1;PREFEITURA MUNICIPAL DE ITAPECURU MIRIM
PM;LAGO DA PEDRA;Lago da Pedra;MA;https://www.assesi.com.br/adm_faturas/index.php?e=504170&t=1;PREFEITURA MUNICIPAL DE LAGO DA PEDRA
PM;LAGOA GRANDE DO MARANHÃO;Lagoa Granderanhão;MA;https://www.assesi.com.br/adm_faturas/index.php?e=504161&t=1;PREFEITURA MUNICIPAL DE LAGOA GRANDE DO MARANHÃO
PM;LIMA CAMPOS;Lima Campos;MA;https://www.assesi.com.br/adm_faturas/index.php?e=519539&t=1;PREFEITURA MUNICIPAL DE LIMA CAMPOS
PM;MARACAÇUMÉ;Maracaçumé;MA;https://www.assesi.com.br/adm_faturas/index.php?e=506552&t=1;PREFEITURA MUNICIPAL DE MARACAÇUMÉ
PM;MATÕES DO NORTE;Matões do Norte;MA;https://www.assesi.com.br/adm_faturas/index.php?e=507221&t=1;PREFEITURA MUNICIPAL DE MATÕES DO NORTE
PM;PEDREIRAS;Pedreiras;MA;https://www.assesi.com.br/adm_faturas/index.php?e=514578&t=1;PREFEITURA MUNICIPAL DE PEDREIRAS
PM;PINDARÉ MIRIM;Pindaré Mirim;MA;https://www.assesi.com.br/adm_faturas/index.php?e=518442&t=1;PREFEITURA MUNICIPAL DE PINDARÉ MIRIM
PM;POÇÃO DE PEDRAS;Poção de Pedras;MA;https://www.assesi.com.br/adm_faturas/index.php?e=510502&t=1;PREFEITURA MUNICIPAL DE POÇÃO DE PEDRAS
PM;SANTA LUZIA DO PARUÁ;Santa Luzia do Paruá;MA;https://www.assesi.com.br/adm_faturas/index.php?e=507388&t=1;PREFEITURA MUNICIPAL DE SANTA LUZIA DO PARUÁ
PM;SÃO MATEUS;São Mateus;MA;https://www.assesi.com.br/adm_faturas/index.php?e=511830&t=1;PREFEITURA MUNICIPAL DE SÃO MATEUS DO MARANHÃO
PM;SÃO RAIMUNDO DO DOCA BEZERRA;São Raimundo do Doca Bezerra;MA;https://www.assesi.com.br/adm_faturas/index.php?e=508343&t=1;PREFEITURA MUNICIPAL DE SÃO RAIMUNDO DO DOCA BEZERRA
PM;TRIZIDELA DO VALE;Trizidela do Vale;MA;https://www.assesi.com.br/adm_faturas/index.php?e=507724&t=1;PREFEITURA MUNICIPAL DE TRIZIDELA DO VALE
PM;VARGEM GRANDE;Vargem Grande;MA;https://www.assesi.com.br/adm_faturas/index.php?e=520885&t=1;PREFEITURA MUNICIPAL DE VARGEM GRANDE
INSTITUTO;Instituto de Previdência de Buriticupu;Buriticupu;MA;https://www.assesi.com.br/adm_faturas/index.php?e=519665&t=1;INSTITUTO DE PREVIDÊNCIA DE BURITICUPU
PM;AXIXÁ;Axixá do Tocantins;TO;https://www.assesi.com.br/adm_faturas/index.php?e=513495&t=1;PREFEITURA MUNICIPAL DE AXIXÁ DO TOCANTIS
CM;OEIRAS;Oeiras;PI;https://www.assesi.com.br/adm_faturas/index.php?e=522238&t=1;CÂMARA MUNICIPAL DE OEIRAS
